BLOCK,USI_CODE,REGION,LENGTH_KM,ACQUISITION_YEAR,PROCESSING_YEAR
PM419,MYS1986P20182DM02PMOTEMBAKAU,Peninsular East,22.10081,1986,2018
PM327,MYS1986P20182DM02PMOTEMBAKAU,Peninsular East,30.35904,1986,2018
"PM419, PM342, PM304",MYS1986P20182DM02PMOTEMBAKAU,Peninsular East,115.13944,1986,2018
"PM327, PM342",MYS1986P20182DM02PMOTEMBAKAU,Peninsular East,90.61725,1986,2018
PM342,MYS1986P20182DM02PMOTEMBAKAU,Peninsular East,78.67623,1986,2018
"PM419, PM407",MYS1986P20182DM02PMOTEMBAKAU,Peninsular East,85.41113,1986,2018
"PM419, PM342",MYS1986P20182DM02PMOTEMBAKAU,Peninsular East,50.20136,1986,2018
"PM419, PM342",MYS1986P20182DM02PMOTEMBAKAU,Peninsular East,54.2824,1986,2018
PM419,MYS1986P20182DM02PMOTEMBAKAU,Peninsular East,7.41719,1986,2018
SB409,MYS2018P20182DL01SBOKLIAS,Sabah,31.55933,2018,2018
SB409,MYS2018P20182DL01SBOKLIAS,Sabah,42.68235,2018,2018
PM407,MYS1986P20182DM02PMOTEMBAKAU,Peninsular East,41.19965,1986,2018
PM407,MYS1986P20182DM02PMOTEMBAKAU,Peninsular East,26.61409,1986,2018
PM419,MYS1986P20182DM02PMOTEMBAKAU,Peninsular East,27.00429,1986,2018
PM419,MYS1986P20182DM02PMOTEMBAKAU,Peninsular East,29.089,1986,2018
PM419,MYS1986P20182DM02PMOTEMBAKAU,Peninsular East,30.0455,1986,2018
PM419,MYS1986P20182DM02PMOTEMBAKAU,Peninsular East,34.091,1986,2018
PM419,MYS1986P20182DM02PMOTEMBAKAU,Peninsular East,73.70529,1986,2018
"PM419, PM342",MYS1986P20182DM02PMOTEMBAKAU,Peninsular East,110.77177,1986,2018
"PM419, PM342, PM327",MYS1986P20182DM02PMOTEMBAKAU,Peninsular East,57.08848,1986,2018
PM419,MYS1986P20182DM02PMOTEMBAKAU,Peninsular East,11.98126,1986,2018
PM419,MYS1986P20182DM02PMOTEMBAKAU,Peninsular East,15.15309,1986,2018
SB409,MYS2018P20182DL01SBOKLIAS,Sabah,25.0561,2018,2018
SB409,MYS2018P20182DL01SBOKLIAS,Sabah,34.78664,2018,2018
PM407,MYS1986P20182DM02PMOTEMBAKAU,Peninsular East,31.72546,1986,2018
PM407,MYS1986P20182DM02PMOTEMBAKAU,Peninsular East,21.79391,1986,2018
PM419,MYS1986P20182DM02PMOTEMBAKAU,Peninsular East,25.95164,1986,2018
PM419,MYS1986P20182DM02PMOTEMBAKAU,Peninsular East,23.37193,1986,2018
PM419,MYS1986P20182DM02PMOTEMBAKAU,Peninsular East,27.739,1986,2018
PM419,MYS1986P20182DM02PMOTEMBAKAU,Peninsular East,14.9537,1986,2018
PM342,MYS1986P20182DM02PMOTEMBAKAU,Peninsular East,62.41958,1986,2018
"PM419, PM407",MYS1986P20182DM02PMOTEMBAKAU,Peninsular East,126.46124,1986,2018
PM419,MYS1986P20182DM02PMOTEMBAKAU,Peninsular East,28.3533,1986,2018
PM419,MYS1986P20182DM02PMOTEMBAKAU,Peninsular East,45.31175,1986,2018
PM407,MYS1986P20182DM02PMOTEMBAKAU,Peninsular East,24.85507,1986,2018
PM407,MYS1986P20182DM02PMOTEMBAKAU,Peninsular East,19.20701,1986,2018
"PM419, PM407",MYS1986P20182DM02PMOTEMBAKAU,Peninsular East,53.09726,1986,2018
PM407,MYS1986P20182DM02PMOTEMBAKAU,Peninsular East,25.95587,1986,2018
PM419,MYS1986P20182DM02PMOTEMBAKAU,Peninsular East,41.09365,1986,2018
PM419,MYS1986P20182DM02PMOTEMBAKAU,Peninsular East,23.12391,1986,2018
PM419,MYS1986P20182DM02PMOTEMBAKAU,Peninsular East,26.03496,1986,2018
PM419,MYS1986P20182DM02PMOTEMBAKAU,Peninsular East,32.12042,1986,2018
PM419,MYS1986P20182DM02PMOTEMBAKAU,Peninsular East,24.10624,1986,2018
PM419,MYS1986P20182DM02PMOTEMBAKAU,Peninsular East,9.67993,1986,2018
"PM419, PM342, PM304",MYS1986P20182DM02PMOTEMBAKAU,Peninsular East,116.09754,1986,2018
"PM327, PM342",MYS1986P20182DM02PMOTEMBAKAU,Peninsular East,111.44218,1986,2018
PM419,MYS1986P20182DM02PMOTEMBAKAU,Peninsular East,16.49467,1986,2018
"PM327, PM419",MYS1986P20182DM02PMOTEMBAKAU,Peninsular East,60.92699,1986,2018
PM419,MYS1986P20182DM02PMOTEMBAKAU,Peninsular East,18.68506,1986,2018
PM419,MYS1986P20182DM02PMOTEMBAKAU,Peninsular East,12.24777,1986,2018
"PM419, PM342",MYS1986P20182DM02PMOTEMBAKAU,Peninsular East,21.60514,1986,2018
"PM419, PM407",MYS1986P20182DM02PMOTEMBAKAU,Peninsular East,49.20121,1986,2018
"PM419, PM407",MYS1986P20182DM02PMOTEMBAKAU,Peninsular East,49.58556,1986,2018
PM419,MYS1986P20182DM02PMOTEMBAKAU,Peninsular East,58.98522,1986,2018
"PM419, PM342, PM304",MYS1986P20182DM02PMOTEMBAKAU,Peninsular East,103.27425,1986,2018
PM342,MYS1986P20182DM02PMOTEMBAKAU,Peninsular East,37.04526,1986,2018
"PM419, PM342, PM327",MYS1986P20182DM02PMOTEMBAKAU,Peninsular East,61.58935,1986,2018
"PM327, PM419, PM342",MYS1986P20182DM02PMOTEMBAKAU,Peninsular East,55.79363,1986,2018
PM419,MYS1986P20182DM02PMOTEMBAKAU,Peninsular East,27.7956,1986,2018
PM419,MYS1986P20182DM02PMOTEMBAKAU,Peninsular East,18.03954,1986,2018
PM419,MYS1986P20182DM02PMOTEMBAKAU,Peninsular East,13.75926,1986,2018
PM407,MYS1986P20182DM02PMOTEMBAKAU,Peninsular East,22.639,1986,2018
PM407,MYS1986P20182DM02PMOTEMBAKAU,Peninsular East,25.13429,1986,2018
"PM419, PM407",MYS1986P20182DM02PMOTEMBAKAU,Peninsular East,45.62685,1986,2018
PM419,MYS1986P20182DM02PMOTEMBAKAU,Peninsular East,22.61859,1986,2018
PM407,MYS1986P20182DM02PMOTEMBAKAU,Peninsular East,26.61425,1986,2018
PM419,MYS1986P20182DM02PMOTEMBAKAU,Peninsular East,27.0543,1986,2018
PM419,MYS1986P20182DM02PMOTEMBAKAU,Peninsular East,38.92767,1986,2018
PM419,MYS1986P20182DM02PMOTEMBAKAU,Peninsular East,38.0508,1986,2018
PM419,MYS1986P20182DM02PMOTEMBAKAU,Peninsular East,32.10415,1986,2018
PM419,MYS1986P20182DM02PMOTEMBAKAU,Peninsular East,53.64004,1986,2018
PM327,MYS1986P20182DM02PMOTEMBAKAU,Peninsular East,14.00826,1986,2018
"PM419, PM342",MYS1986P20182DM02PMOTEMBAKAU,Peninsular East,82.32059,1986,2018
"PM327, PM342",MYS1986P20182DM02PMOTEMBAKAU,Peninsular East,122.90123,1986,2018
PM419,MYS1986P20182DM02PMOTEMBAKAU,Peninsular East,13.08551,1986,2018
SB409,MYS2018P20182DL01SBOKLIAS,Sabah,43.5216,2018,2018
PM407,MYS1986P20182DM02PMOTEMBAKAU,Peninsular East,23.43933,1986,2018
PM419,MYS1986P20182DM02PMOTEMBAKAU,Peninsular East,19.13321,1986,2018
PM419,MYS1986P20182DM02PMOTEMBAKAU,Peninsular East,25.09711,1986,2018
PM419,MYS1986P20182DM02PMOTEMBAKAU,Peninsular East,24.14023,1986,2018
PM419,MYS1986P20182DM02PMOTEMBAKAU,Peninsular East,34.15138,1986,2018
PM419,MYS1986P20182DM02PMOTEMBAKAU,Peninsular East,19.11832,1986,2018
"PM419, PM342",MYS1986P20182DM02PMOTEMBAKAU,Peninsular East,115.54689,1986,2018
"PM419, PM342, PM304",MYS1986P20182DM02PMOTEMBAKAU,Peninsular East,95.18555,1986,2018
"PM341, PM407",MYS1986P20182DM02PMOTEMBAKAU,Peninsular East,87.49854,1986,2018
"PM419, PM407, PM341",MYS1986P20182DM02PMOTEMBAKAU,Peninsular East,183.8683,1986,2018
SB409,MYS2018P20182DL01SBOKLIAS,Sabah,29.30814,2018,2018
PM407,MYS1986P20182DM02PMOTEMBAKAU,Peninsular East,33.84438,1986,2018
PM407,MYS1986P20182DM02PMOTEMBAKAU,Peninsular East,14.84328,1986,2018
PM419,MYS1986P20182DM02PMOTEMBAKAU,Peninsular East,21.63398,1986,2018
PM419,MYS1986P20182DM02PMOTEMBAKAU,Peninsular East,23.01908,1986,2018
PM419,MYS1986P20182DM02PMOTEMBAKAU,Peninsular East,24.10199,1986,2018
PM419,MYS1986P20182DM02PMOTEMBAKAU,Peninsular East,23.11428,1986,2018
"PM327, PM419",MYS1986P20182DM02PMOTEMBAKAU,Peninsular East,44.97999,1986,2018
PM342,MYS1986P20182DM02PMOTEMBAKAU,Peninsular East,73.29079,1986,2018
"PM327, PM419, PM342",MYS1986P20182DM02PMOTEMBAKAU,Peninsular East,53.47548,1986,2018
PM342,MYS1986P20182DM02PMOTEMBAKAU,Peninsular East,79.94131,1986,2018
PM342,MYS1986P20182DM02PMOTEMBAKAU,Peninsular East,31.37319,1986,2018
"PM419, PM342, PM327",MYS1986P20182DM02PMOTEMBAKAU,Peninsular East,41.94466,1986,2018
"PM327, PM419",MYS1986P20182DM02PMOTEMBAKAU,Peninsular East,46.73612,1986,2018
PM419,MYS1986P20182DM02PMOTEMBAKAU,Peninsular East,46.19885,1986,2018
"PM327, PM419",MYS1986P20182DM02PMOTEMBAKAU,Peninsular East,66.05945,1986,2018
"PM419, PM342",MYS1986P20182DM02PMOTEMBAKAU,Peninsular East,43.19335,1986,2018
PM419,MYS1986P20182DM02PMOTEMBAKAU,Peninsular East,18.90909,1986,2018
SB409,MYS2018P20182DL01SBOKLIAS,Sabah,31.93227,2018,2018
"3B, 2C",MYS20042DM2SKND123,Sarawak,107.06712,2004,2006
"SK438, SK437, SK405B, SK427, SK314A",MYS20042DM1SK305,Sarawak,77.40406,2004,2004
"SK438, SK437, SK405B, SK427, SK314A",MYS20042DM1SK305,Sarawak,32.22873,2004,2004
"SK438, SK437, SK405B, SK427, SK314A",MYS20042DM1SK305,Sarawak,34.09088,2004,2004
SK433,MYS19902DL1SK14,Sarawak,4.77902,1990,1990
SK433,MYS19902DL1SK14,Sarawak,4.80047,1990,1990
SK433,MYS19872DL1SK14,Sarawak,18.30863,1987,1987
SK433,MYS19872DL1SK14,Sarawak,7.41209,1987,1987
SK433,MYS19872DL1SK14,Sarawak,7.02017,1987,1987
SK433,MYS19872DL1SK14,Sarawak,16.89557,1987,1987
SK433,MYS19872DL2SK14,Sarawak,5.37906,1987,2005
SK433,MYS19872DL2SK14,Sarawak,14.03,1987,2005
SK433,MYS19872DL2SK14,Sarawak,15.20718,1987,2005
SK427,MYS19832DM2SK305,Sarawak,12.51065,1983,2004
SK427,MYS19832DM2SK305,Sarawak,23.3922,1983,2004
SK427,MYS19832DM2SK305,Sarawak,6.78542,1983,2004
SK438 & SK314A,MYS19832DM2SK305,Sarawak,17.02359,1983,2004
SK314A & SK427,MYS19832DM2SK305,Sarawak,9.92022,1983,2004
SK438 & SK314A,MYS19832DM2SK305,Sarawak,51.05628,1983,2004
SK427,MYS19832DM2SK305,Sarawak,6.58753,1983,2004
SK314A & SK427,MYS19832DM2SK305,Sarawak,15.05831,1983,2004
SK314A & SK427,MYS19832DM2SK305,Sarawak,15.05943,1983,2004
SK314A & SK427,MYS19832DM2SK305,Sarawak,15.05942,1983,2004
SK325 & SK438,MYS19832DM2SK305,Sarawak,47.20759,1983,2004
"SK431, SK332",MYS20032DL1SK332,Sarawak,15.99715,2003,2003
"SK431, SK332",MYS20032DL1SK332,Sarawak,8.84237,2003,2003
"SK431, SK332",MYS20032DL1SK332,Sarawak,12.52206,2003,2003
"SK431, SK332",MYS20032DL1SK332,Sarawak,15.6105,2003,2003
"4F, 5F",MYS20012DM1SKF,Sarawak,61.2497,2001,2001
"4F, 5F",MYS20012DM1SKF,Sarawak,61.25039,2001,2001
"4F, 5F",MYS20012DM1SKF,Sarawak,61.2529,2001,2001
"4F, 5F",MYS20012DM1SKF,Sarawak,61.24903,2001,2001
"4F, 5F",MYS20012DM1SKF,Sarawak,61.24907,2001,2001
"4F, 5F",MYS20012DM1SKF,Sarawak,81.25684,2001,2001
"4F, 5F",MYS20012DM1SKF,Sarawak,117.49994,2001,2001
"4F, 5F",MYS20012DM1SKF,Sarawak,131.33203,2001,2001
"4F, 5F",MYS20012DM1SKF,Sarawak,61.25161,2001,2001
"4F, 5F",MYS20012DM1SKF,Sarawak,61.25301,2001,2001
4F,MYS20012DM2SKF,Sarawak,50.43109,2001,2003
4F,MYS20012DM2SKF,Sarawak,49.22196,2001,2003
4F,MYS20012DM2SKF,Sarawak,49.8568,2001,2003
"4F, 5F",MYS20012DM3SKF,Sarawak,79.51123,2001,2005
"4F, 5F",MYS20012DM3SKF,Sarawak,50.25115,2001,2005
MLNG2,MYS20002DM1SKM1,Sarawak,10.96216,2000,2000
SK316,MYS19982DM1SK307,Sarawak,13.0026,1998,1998
SK417,MYS19982DM1SK307,Sarawak,12.97701,1998,1998
"SK510, SK417",MYS19982DM1SK307,Sarawak,18.98146,1998,1998
"SK417, SK407",MYS19982DM1SK307,Sarawak,52.92821,1998,1998
SK407,MYS19982DM1SK307,Sarawak,22.90689,1998,1998
"SK417, SK407",MYS19982DM1SK307,Sarawak,19.00389,1998,1998
"SK417, SK407",MYS19982DM1SK307,Sarawak,20.65686,1998,1998
"SK417, SK407",MYS19982DM1SK307,Sarawak,10.60595,1998,1998
"SK417, SK407",MYS19982DM1SK307,Sarawak,14.07496,1998,1998
SK407,MYS19982DM1SK307,Sarawak,13.50502,1998,1998
SK407,MYS19982DM1SK307,Sarawak,12.47837,1998,1998
SK407,MYS19982DM1SK307,Sarawak,27.35722,1998,1998
SK407,MYS19982DM1SK307,Sarawak,13.00062,1998,1998
SK407,MYS19982DM1SK307,Sarawak,4.50186,1998,1998
SK407,MYS19982DM1SK307,Sarawak,11.72893,1998,1998
"SK316, SK417",MYS19982DM1SK307,Sarawak,72.61236,1998,1998
SK407,MYS19972DM1SK307,Sarawak,17.45236,1997,1997
SK407,MYS19972DM1SK307,Sarawak,39.74018,1997,1997
SK407 & SK417,MYS19972DM1SK307,Sarawak,60.13388,1997,1997
SK304 & SK328,MYS19952DM1SK2_4_9,Sarawak,55.07999,1995,1995
SK303A & SK304,MYS19952DM1SK2_4_9,Sarawak,142.99151,1995,1995
SK303A & SK304,MYS19952DM1SK2_4_9,Sarawak,107.95576,1995,1995
SK304,MYS19952DM1SK2_4_9,Sarawak,56.2455,1995,1995
SK439 & SK303A,MYS19952DM1SK2_4_9,Sarawak,93.93267,1995,1995
"SK411, SK303A & SK328",MYS19952DM1SK2_4_9,Sarawak,123.805,1995,1995
"SK439, SK303A & SK437",MYS19952DM1SK2_4_9,Sarawak,70.89892,1995,1995
SK2A,MYS19982DM1SK-AB,Sarawak,41.90164,1998,1998
"SK2A, SK3B",MYS19982DM1SK-AB,Sarawak,66.25406,1998,1998
"SK2A, SK3B",MYS19982DM1SK-AB,Sarawak,116.06488,1998,1998
SK3C,MYS19982DM1SK-AB,Sarawak,29.7752,1998,1998
SK315,MYS19982DM1SK306,Sarawak,16.12647,1998,1998
"SK315,SK306",MYS19982DM1SK306,Sarawak,40.19548,1998,1998
SK315,MYS19982DM1SK306,Sarawak,19.23842,1998,1998
SK315,MYS19982DM1SK306,Sarawak,37.40726,1998,1998
SK315,MYS19982DM1SK306,Sarawak,41.25311,1998,1998
SK315,MYS19982DM1SK306,Sarawak,35.1399,1998,1998
SK315,MYS19982DM1SK306,Sarawak,42.26717,1998,1998
SK315,MYS19982DM1SK306,Sarawak,17.33745,1998,1998
SK315,MYS19982DM1SK306,Sarawak,24.37754,1998,1998
SK315,MYS19982DM1SK306,Sarawak,20.25146,1998,1998
3C & 3D,MYS19962DM1SK-ABCD,Sarawak,26.43855,1996,1996
3C & MLNG Dua,MYS19962DM1SK-ABCD,Sarawak,96.78386,1996,1996
3C & 3D,MYS19962DM1SK-ABCD,Sarawak,56.24895,1996,1996
3C & MLNG Dua,MYS19962DM1SK-ABCD,Sarawak,52.1992,1996,1996
2A & 3B,MYS19962DM1SK-ABCD,Sarawak,80.13753,1996,1996
3D,MYS19962DM1SK-ABCD,Sarawak,26.58781,1996,1996
3D,MYS19962DM1SK-ABCD,Sarawak,28.04813,1996,1996
3C & 3D,MYS19962DM1SK-ABCD,Sarawak,64.612,1996,1996
WL4-00,MYS19962DM1SKC24K5J2,Sarawak,10.42625,1996,1996
SK440,MYS19962DM1SKC24K5J2,Sarawak,15.2755,1996,1996
SK440,MYS19962DM1SKC24K5J2,Sarawak,15.30001,1996,1996
SK315 & SK306,MYS19962DM1SKC24K5J2,Sarawak,16.50134,1996,1996
SK440,MYS19962DM1SKC24K5J2,Sarawak,19.45059,1996,1996
SK440,MYS19962DM1SKC24K5J2,Sarawak,22.3501,1996,1996
SK440,MYS19962DM1SKC24K5J2,Sarawak,22.40065,1996,1996
SK315 & SK306,MYS19962DM1SKC24K5J2,Sarawak,22.40053,1996,1996
"SK411, SK439 & SK303A",MYS19962DM1SKC24K5J2,Sarawak,24.75172,1996,1996
"SK439, SK411 & SK437",MYS19962DM1SKC24K5J2,Sarawak,58.64695,1996,1996
SK411 & SK437,MYS19962DM1SKC24K5J2,Sarawak,24.75114,1996,1996
SK309,MYS19962DM1SKC24K5J2,Sarawak,13.90054,1996,1996
SK309,MYS19962DM1SKC24K5J2,Sarawak,12.32515,1996,1996
SK309,MYS19962DM1SKC24K5J2,Sarawak,13.44913,1996,1996
SK309,MYS19962DM1SKC24K5J2,Sarawak,19.30144,1996,1996
SK309,MYS19962DM1SKC24K5J2,Sarawak,11.60575,1996,1996
SK309,MYS19962DM1SKC24K5J2,Sarawak,18.45084,1996,1996
SK309,MYS19962DM1SKC24K5J2,Sarawak,22.55015,1996,1996
SK309,MYS19962DM1SKC24K5J2,Sarawak,12.77428,1996,1996
SK314A & Open Block,MYS19962DM1SKC24K5J2,Sarawak,25.92676,1996,1996
SK314A & Open Block,MYS19962DM1SKC24K5J2,Sarawak,11.07401,1996,1996
SK314A & Open Block,MYS19962DM1SKC24K5J2,Sarawak,11.77537,1996,1996
SK314A,MYS19962DM1SKC24K5J2,Sarawak,13.87535,1996,1996
SK314A,MYS19962DM1SKC24K5J2,Sarawak,13.42473,1996,1996
SK314A,MYS19962DM1SKC24K5J2,Sarawak,12.82534,1996,1996
SK314A,MYS19962DM1SKC24K5J2,Sarawak,13.00114,1996,1996
SK314A & Open Block,MYS19962DM1SKC24K5J2,Sarawak,26.05143,1996,1996
SK433,MYS19912DL2SK333,Sarawak,16.30627,1991,2005
SK433,MYS19912DL2SK333,Sarawak,18.31777,1991,2005
SK433,MYS19912DL2SK333,Sarawak,27.24251,1991,2005
SK433,MYS19912DL2SK333,Sarawak,20.82058,1991,2005
SK433,MYS19912DL2SK333,Sarawak,36.95043,1991,2005
SK433,MYS19912DL2SK333,Sarawak,19.47338,1991,2005
SK433,MYS19912DL2SK333,Sarawak,35.64106,1991,2005
SK433,MYS19912DL2SK333,Sarawak,6.08284,1991,2005
SK433,MYS19912DL2SK333,Sarawak,13.74563,1991,2005
SK433,MYS19912DL2SK333,Sarawak,12.44307,1991,2005
SK433,MYS19912DL2SK333,Sarawak,13.57859,1991,2005
SK328 & SK427,MYS19942DM1SK12,Sarawak,37.71918,1994,1994
SK328,MYS19942DM1SK12,Sarawak,16.32467,1994,1994
SK328,MYS19942DM1SK12,Sarawak,16.44173,1994,1994
SK328 & SK303A,MYS19942DM1SK12,Sarawak,16.47772,1994,1994
SK427,MYS19942DM1SK12,Sarawak,22.04346,1994,1994
"3C, 3B, SK320 & SK313",MYS19942DM1SK-ABCD,Sarawak,95.17774,1994,1994
3C & SK320,MYS19942DM1SK-ABCD,Sarawak,91.17946,1994,1994
"3B, SK312 & MLNG Dua",MYS19942DM1SK-ABCD,Sarawak,65.78504,1994,1994
3B & 3C,MYS19942DM1SK-ABCD,Sarawak,105.39475,1994,1994
3B & 3C,MYS19942DM1SK-ABCD,Sarawak,105.42555,1994,1994
"3B, 3C & 3D",MYS19942DM1SK-ABCD,Sarawak,131.81092,1994,1994
3B,MYS19942DM1SK-ABCD,Sarawak,80.57393,1994,1994
"3B, SK320 & SK313",MYS19942DM1SK-ABCD,Sarawak,83.07764,1994,1994
3C & MLNG Dua,MYS19942DM1SK-ABCD,Sarawak,76.77201,1994,1994
3C,MYS19942DM1SK-ABCD,Sarawak,32.85493,1994,1994
3D,MYS19942DM1SK-ABCD,Sarawak,18.75491,1994,1994
SK316,MYS19942DM1SK10,Sarawak,22.87548,1994,1994
SK316,MYS19942DM1SK10,Sarawak,22.87768,1994,1994
SK316,MYS19942DM1SK10,Sarawak,22.99195,1994,1994
SK316,MYS19942DM1SK10,Sarawak,6.58179,1994,1994
SK316,MYS19942DM1SK10,Sarawak,20.22169,1994,1994
SK316 & SK510,MYS19942DM1SK10,Sarawak,57.47353,1994,1994
SK316 & SK510,MYS19942DM1SK10,Sarawak,35.23601,1994,1994
SK510,MYS19942DM1SK10,Sarawak,26.47703,1994,1994
SK423,MYS19942DM1SK10,Sarawak,17.41881,1994,1994
SK423 & SK316,MYS19942DM1SK10,Sarawak,10.28755,1994,1994
SK410B & SK510,MYS19942DM1SK10,Sarawak,12.38377,1994,1994
SK316,MYS19942DM3SK10,Sarawak,32.16102,1994,2002
SK423 & SK316,MYS19942DM3SK10,Sarawak,41.72675,1994,2002
SK423 & SK316,MYS19942DM3SK10,Sarawak,24.87158,1994,2002
SK407,MYS19932DM2SK15,Sarawak,13.4023,1993,1999
SK407,MYS19932DM2SK15,Sarawak,9.3526,1993,1999
SK407,MYS19922DM2SK15,Sarawak,7.35384,1992,1999
SK407,MYS19912DM2SK15,Sarawak,6.90464,1991,1999
SK407,MYS19912DM2SK15,Sarawak,15.40252,1991,1999
SK407,MYS19912DM2SK15,Sarawak,15.28513,1991,1999
SK407,MYS19912DM2SK15,Sarawak,14.40287,1991,1999
SK407,MYS19912DM2SK15,Sarawak,13.48018,1991,1999
SK407,MYS19872DM4SK15,Sarawak,6.4079,1987,1999
"SK315, SK306",MYS19902DM2SK-6,Sarawak,11.01401,1990,1998
SK431,MYS19912DL1SK12,Sarawak,15.88171,1991,1991
SK431,MYS19912DL1SK12,Sarawak,7.44976,1991,1991
SK431,MYS19912DL1SK12,Sarawak,19.13596,1991,1991
SK431,MYS19912DL1SK12,Sarawak,17.68638,1991,1991
SK431,MYS19912DL1SK12,Sarawak,18.49571,1991,1991
SK431,MYS19912DL1SK12,Sarawak,11.59268,1991,1991
SK431,MYS19912DL1SK12,Sarawak,12.79989,1991,1991
SK431,MYS19912DL1SK12,Sarawak,21.40873,1991,1991
SK431,MYS19912DL1SK12,Sarawak,12.85386,1991,1991
SK431,MYS19912DL1SK12,Sarawak,13.51416,1991,1991
SK431,MYS19912DL1SK12,Sarawak,13.47362,1991,1991
SK433,MYS19912DL1SK17,Sarawak,5.16971,1991,1991
SK433,MYS19912DL1SK17,Sarawak,37.49632,1991,1991
SK433,MYS19912DL1SK17,Sarawak,2.35526,1991,1991
SK433,MYS19912DL1SK17,Sarawak,36.66681,1991,1991
SK433,MYS19912DL1SK17,Sarawak,19.88654,1991,1991
SK433,MYS19912DL1SK17,Sarawak,19.80487,1991,1991
SK433,MYS19912DL1SK17,Sarawak,26.38021,1991,1991
SK433,MYS19912DL1SK17,Sarawak,18.2042,1991,1991
SK433,MYS19912DL1SK17,Sarawak,16.49665,1991,1991
SK433,MYS19912DL1SK17,Sarawak,10.36857,1991,1991
SK433,MYS19912DL1SK17,Sarawak,31.89622,1991,1991
SK433,MYS19912DL1SK17,Sarawak,23.12974,1991,1991
SK433,MYS19912DL1SK17,Sarawak,18.51729,1991,1991
"SK315, SK306, WL4-00",MYS19882DM2SK-6,Sarawak,19.34494,1988,1998
"SK315, SK306, WL4-00",MYS19882DM2SK-6,Sarawak,71.76399,1988,1998
"SK315, SK306, WL4-00",MYS19882DM2SK-6,Sarawak,67.35366,1988,1998
"SK315, SK306, WL4-00",MYS19882DM2SK-6,Sarawak,34.70501,1988,1998
"SK315, SK306, WL4-00",MYS19882DM2SK-6,Sarawak,35.65597,1988,1998
"SK315, SK306, WL4-00",MYS19882DM2SK-6,Sarawak,34.51795,1988,1998
"SK315, SK306, WL4-00",MYS19882DM2SK-6,Sarawak,47.24011,1988,1998
"SK315, SK306, WL4-00",MYS19882DM2SK-6,Sarawak,33.10754,1988,1998
"SK410B, SK510",MYS19902DM1SK10,Sarawak,10.83094,1990,1990
"SK410B, SK510",MYS19902DM1SK10,Sarawak,10.81035,1990,1990
"SK410B, SK510",MYS19902DM1SK10,Sarawak,10.44415,1990,1990
"SK324, SK407, SK314A",MYS19892DM1SK-9,Sarawak,16.99163,1989,1989
"SK324, SK407, SK314A",MYS19892DM1SK-9,Sarawak,21.87753,1989,1989
"SK311, SK314A, SK309, SK324",MYS19902DM1SK-7,Sarawak,12.7806,1990,1990
"SK311, SK314A, SK309, SK324",MYS19902DM1SK-7,Sarawak,20.34901,1990,1990
"SK311, SK314A, SK309, SK324",MYS19902DM1SK-7,Sarawak,9.82002,1990,1990
"SK311, SK314A, SK309, SK324",MYS19902DM1SK-7,Sarawak,9.78249,1990,1990
"SK311, SK314A, SK309, SK324",MYS19902DM1SK-7,Sarawak,12.79121,1990,1990
"SK311, SK314A, SK309, SK324",MYS19902DM1SK-7,Sarawak,18.80003,1990,1990
"SK311, SK314A, SK309, SK324",MYS19902DM1SK-7,Sarawak,10.29073,1990,1990
MLNG,MYS19892DM3SK-8,Sarawak,60.69155,1989,2000
MLNG,MYS19892DM3SK-8,Sarawak,58.67294,1989,2000
"SK311, SK324, SK309",MYS19902DM2SK-7,Sarawak,12.7806,1990,2004
"SK311, SK324, SK309",MYS19902DM2SK-7,Sarawak,12.80321,1990,2004
"SK417, SK4E, SK316, SK510",MYS19882DM3SK10,Sarawak,15.59513,1988,2001
"SK417, SK4E, SK316, SK510",MYS19882DM3SK10,Sarawak,22.44961,1988,2001
"SK417, SK4E, SK316, SK510",MYS19882DM3SK10,Sarawak,22.34192,1988,2001
"SK417, SK4E, SK316, SK510",MYS19882DM3SK10,Sarawak,29.82816,1988,2001
"SK417, SK4E, SK316, SK510",MYS19882DM3SK10,Sarawak,31.1662,1988,2001
"SK417, SK4E, SK316, SK510",MYS19882DM3SK10,Sarawak,19.19922,1988,2001
"SK417, SK4E, SK316, SK510",MYS19882DM3SK10,Sarawak,31.56986,1988,2001
SK315,MYS19852DM1SK3,Sarawak,25.57494,1985,1985
SK313 & WL4-00,MYS19852DM1SK3,Sarawak,11.50365,1985,1985
SK315 & SK439,MYS19852DM1SK3,Sarawak,10.53566,1985,1985
SK315 & SK306,MYS19852DM1SK3,Sarawak,31.50737,1985,1985
SK315 & SK306,MYS19852DM1SK3,Sarawak,23.92057,1985,1985
KUMANG CLUSTER,MYS19852DM1SK3,Sarawak,18.41423,1985,1985
SK306,MYS19852DM1SK3,Sarawak,30.41478,1985,1985
SK407,MYS19872DM2SK15,Sarawak,6.9376,1987,1991
SK407,MYS19872DM3SK15,Sarawak,8.84891,1987,1994
"SK423, SK324, SK407, SK510",MYS19882DM1SK-9,Sarawak,118.79595,1988,1988
"SK423, SK324, SK407, SK510",MYS19882DM1SK-9,Sarawak,39.57482,1988,1988
"SK423, SK324, SK407, SK510",MYS19882DM1SK-9,Sarawak,25.3361,1988,1988
"SK423, SK324, SK407, SK510",MYS19882DM1SK-9,Sarawak,7.41208,1988,1988
"SK423, SK324, SK407, SK510",MYS19882DM1SK-9,Sarawak,11.78919,1988,1988
"SK423, SK324, SK407, SK510",MYS19882DM1SK-9,Sarawak,40.13572,1988,1988
"SK423, SK324, SK407, SK510",MYS19882DM1SK-9,Sarawak,80.79409,1988,1988
"SK423, SK324, SK407, SK510",MYS19882DM1SK-9,Sarawak,54.18079,1988,1988
"SK423, SK324, SK407, SK510",MYS19882DM1SK-9,Sarawak,21.23734,1988,1988
"SK423, SK324, SK407, SK510",MYS19882DM1SK-9,Sarawak,74.67171,1988,1988
SK315 & SK325 & SK314A,MYS19842DM2SK-3,Sarawak,14.85697,1984,1997
SK407,MYS19862DM2SK307,Sarawak,5.9212,1986,1999
SK407,MYS19862DM2SK307,Sarawak,4.06497,1986,1999
"SK324, SK423, SK407",MYS19882DM2SK-9,Sarawak,6.39334,1988,2001
"SK324, SK423, SK407",MYS19882DM2SK-9,Sarawak,18.83727,1988,2001
"SK324, SK423, SK407",MYS19882DM2SK-9,Sarawak,70.24552,1988,2001
"SK324, SK423, SK407",MYS19882DM2SK-9,Sarawak,76.498,1988,2001
"SK324, SK423, SK407",MYS19882DM2SK-9,Sarawak,42.98179,1988,2001
"SK324, SK423, SK407",MYS19882DM2SK-9,Sarawak,71.98096,1988,2001
"SK324, SK423, SK407",MYS19882DM2SK-9,Sarawak,61.67146,1988,2001
SK306 & SK439,MYS19852DM3SK-3,Sarawak,39.87532,1985,1997
"WL4-00, SK306, SK315, SK313",MYS19882DM3SK-3,Sarawak,40.51617,1988,1997
"WL4-00, SK306, SK315, SK313",MYS19882DM3SK-3,Sarawak,22.08317,1988,1997
SK438  ,MYS19852DM1SK-5,Sarawak,12.11016,1985,1985
SK438  ,MYS19852DM1SK-5,Sarawak,21.51678,1985,1985
SK438  ,MYS19852DM1SK-5,Sarawak,12.1173,1985,1985
SK438  ,MYS19852DM1SK-5,Sarawak,11.66967,1985,1985
SK309 & SK314A,MYS19852DM1SK-5,Sarawak,12.24706,1985,1985
SK407,MYS19922DM1SK15,Sarawak,7.3541,1992,1992
SK407,MYS19922DM1SK15,Sarawak,6.90556,1992,1992
MLNG,MYS19942DM2SK-8,Sarawak,7.50381,1994,1994
MLNG Dua,MYS19942DM2SK-8,Sarawak,7.70307,1994,1994
SK438,MYS19852DM2SK-5,Sarawak,16.67309,1985,1988
SK314A,MYS19852DM2SK-5,Sarawak,12.20493,1985,1988
SK314A,MYS19852DM2SK-5,Sarawak,16.81192,1985,1988
SK309 & SK314A,MYS19852DM2SK-5,Sarawak,11.85922,1985,1988
SK309 & SK314A,MYS19852DM2SK-5,Sarawak,11.70631,1985,1988
SK438,MYS19852DM2SK-5,Sarawak,33.58944,1985,1988
SK438,MYS19852DM2SK-5,Sarawak,12.26585,1985,1988
SK438,MYS19852DM2SK-5,Sarawak,21.1562,1985,1988
SK325,MYS19882DM2SK-5,Sarawak,16.8626,1988,1988
SK325,MYS19882DM2SK-5,Sarawak,20.27275,1988,1988
SK325,MYS19882DM2SK-5,Sarawak,20.27161,1988,1988
SK325,MYS19882DM2SK-5,Sarawak,15.57342,1988,1988
SK431,MYS19902DL1SK12,Sarawak,23.92261,1990,1990
SK431,MYS19902DL1SK12,Sarawak,19.43823,1990,1990
SK431,MYS19902DL1SK12,Sarawak,16.90572,1990,1990
SK431,MYS19902DL1SK12,Sarawak,14.88453,1990,1990
SK431,MYS19902DL1SK12,Sarawak,15.77616,1990,1990
SK431,MYS19902DL1SK12,Sarawak,13.00757,1990,1990
SK431,MYS19902DL1SK12,Sarawak,11.24497,1990,1990
SK431,MYS19902DL1SK12,Sarawak,10.83593,1990,1990
SK431,MYS19902DL1SK12,Sarawak,11.62147,1990,1990
SK431,MYS19902DL1SK12,Sarawak,25.41679,1990,1990
"SK306, SK315, SK313, WL4-00",MYS19882DM1SK-3,Sarawak,21.25324,1988,1988
"SK306, SK315, SK313, WL4-00",MYS19882DM1SK-3,Sarawak,21.97964,1988,1988
"SK306, SK315, SK313, WL4-00",MYS19882DM1SK-3,Sarawak,14.80414,1988,1988
"SK306, SK315, SK313, WL4-00",MYS19882DM1SK-3,Sarawak,12.88887,1988,1988
"SK306, SK315, SK313, WL4-00",MYS19882DM1SK-3,Sarawak,7.90265,1988,1988
"SK306, SK315, SK313, WL4-00",MYS19882DM1SK-3,Sarawak,7.84473,1988,1988
"SK306, SK315, SK313, WL4-00",MYS19882DM1SK-3,Sarawak,31.6065,1988,1988
"SK306, SK315, SK313, WL4-00",MYS19882DM1SK-3,Sarawak,23.96978,1988,1988
"SK306, SK315, SK313, WL4-00",MYS19882DM1SK-3,Sarawak,19.92624,1988,1988
"SK306, SK315, SK313, WL4-00",MYS19882DM1SK-3,Sarawak,16.80859,1988,1988
"SK306, SK315, SK313, WL4-00",MYS19882DM1SK-3,Sarawak,16.7259,1988,1988
"SK306, SK315, SK313, WL4-00",MYS19882DM1SK-3,Sarawak,10.24681,1988,1988
"SK306, SK315, SK313, WL4-00",MYS19882DM1SK-3,Sarawak,8.61103,1988,1988
"SK320, SK308, SK418, MLNG, MLNG DUA",MYS19902DM1SK-8,Sarawak,21.37434,1990,1990
"SK320, SK308, SK418, MLNG, MLNG DUA",MYS19902DM1SK-8,Sarawak,39.5663,1990,1990
"SK320, SK308, SK418, MLNG, MLNG DUA",MYS19902DM1SK-8,Sarawak,70.84287,1990,1990
"SK320, SK308, SK418, MLNG, MLNG DUA",MYS19902DM1SK-8,Sarawak,46.20127,1990,1990
"SK320, SK308, SK418, MLNG, MLNG DUA",MYS19902DM1SK-8,Sarawak,29.98034,1990,1990
"SK320, SK308, SK418, MLNG, MLNG DUA",MYS19902DM1SK-8,Sarawak,17.97414,1990,1990
"SK320, SK308, SK418, MLNG, MLNG DUA",MYS19902DM1SK-8,Sarawak,105.5003,1990,1990
"SK320, SK308, SK418, MLNG, MLNG DUA",MYS19902DM1SK-8,Sarawak,9.77725,1990,1990
"SK320, SK308, SK418, MLNG, MLNG DUA",MYS19902DM1SK-8,Sarawak,22.15203,1990,1990
"SK320, SK308, SK418, MLNG, MLNG DUA",MYS19902DM1SK-8,Sarawak,29.18162,1990,1990
"SK320, SK308, SK418, MLNG, MLNG DUA",MYS19902DM1SK-8,Sarawak,21.49305,1990,1990
"SK320, SK308, SK418, MLNG, MLNG DUA",MYS19902DM1SK-8,Sarawak,27.45686,1990,1990
"SK320, SK308, SK418, MLNG, MLNG DUA",MYS19902DM1SK-8,Sarawak,22.97185,1990,1990
"SK320, SK308, SK418, MLNG, MLNG DUA",MYS19902DM1SK-8,Sarawak,60.13121,1990,1990
"SK320, SK308, SK418, MLNG, MLNG DUA",MYS19902DM1SK-8,Sarawak,40.29006,1990,1990
"SK320, SK308, SK418, MLNG, MLNG DUA",MYS19902DM1SK-8,Sarawak,28.5777,1990,1990
"SK320, SK308, SK418, MLNG, MLNG DUA",MYS19902DM1SK-8,Sarawak,32.74895,1990,1990
"SK320, SK308, SK418, MLNG, MLNG DUA",MYS19902DM1SK-8,Sarawak,28.48663,1990,1990
"SK320, SK308, SK418, MLNG, MLNG DUA",MYS19902DM1SK-8,Sarawak,93.66101,1990,1990
"SK320, SK308, SK418, MLNG, MLNG DUA",MYS19902DM1SK-8,Sarawak,54.77504,1990,1990
"SK320, SK308, SK418, MLNG, MLNG DUA",MYS19902DM1SK-8,Sarawak,65.04036,1990,1990
"SK320, SK308, SK418, MLNG, MLNG DUA",MYS19902DM1SK-8,Sarawak,83.98086,1990,1990
"SK320, SK308, SK418, MLNG, MLNG DUA",MYS19902DM1SK-8,Sarawak,26.19925,1990,1990
"SK320, SK308, SK418, MLNG, MLNG DUA",MYS19902DM1SK-8,Sarawak,61.74428,1990,1990
"SK320, SK308, SK418, MLNG, MLNG DUA",MYS19902DM1SK-8,Sarawak,5.55466,1990,1990
"SK320, SK308, SK418, MLNG, MLNG DUA",MYS19902DM1SK-8,Sarawak,36.85113,1990,1990
"SK320, SK308, SK418, MLNG, MLNG DUA",MYS19902DM1SK-8,Sarawak,104.41116,1990,1990
"SK320, SK308, SK418, MLNG, MLNG DUA",MYS19902DM1SK-8,Sarawak,55.68529,1990,1990
"SK320, SK308, SK418, MLNG, MLNG DUA",MYS19902DM1SK-8,Sarawak,122.18906,1990,1990
"SK320, SK308, SK418, MLNG, MLNG DUA",MYS19902DM1SK-8,Sarawak,32.29295,1990,1990
"SK320, SK308, SK418, MLNG, MLNG DUA",MYS19902DM1SK-8,Sarawak,58.06897,1990,1990
"SK320, SK308, SK418, MLNG, MLNG DUA",MYS19902DM1SK-8,Sarawak,30.54586,1990,1990
"SK320, SK308, SK418, MLNG, MLNG DUA",MYS19902DM1SK-8,Sarawak,15.73254,1990,1990
"SK320, SK308, SK418, MLNG, MLNG DUA",MYS19902DM1SK-8,Sarawak,9.57256,1990,1990
"SK320, SK308, SK418, MLNG, MLNG DUA",MYS19902DM1SK-8,Sarawak,33.78941,1990,1990
"SK320, SK308, SK418, MLNG, MLNG DUA",MYS19902DM1SK-8,Sarawak,30.78401,1990,1990
"SK320, SK308, SK418, MLNG, MLNG DUA",MYS19902DM1SK-8,Sarawak,26.15427,1990,1990
"SK320, SK308, SK418, MLNG, MLNG DUA",MYS19902DM1SK-8,Sarawak,16.05279,1990,1990
"SK330, SK301B, SK302A",MYS19992DM1SK301,Sarawak,113.83923,1999,1999
"SK330, SK301B",MYS19992DM1SK301,Sarawak,115.42302,1999,1999
SK301B,MYS19992DM1SK301,Sarawak,56.45675,1999,1999
SK301B,MYS19992DM1SK301,Sarawak,56.28185,1999,1999
SK330,MYS19992DM1SK301,Sarawak,36.25613,1999,1999
SK330,MYS19992DM1SK301,Sarawak,41.63635,1999,1999
SK330,MYS19992DM1SK301,Sarawak,41.73414,1999,1999
SK330,MYS19992DM1SK301,Sarawak,97.20436,1999,1999
SK330,MYS19992DM1SK301,Sarawak,42.9833,1999,1999
SK431,MYS19902DL2SK12,Sarawak,18.37429,1990,1993
SK431,MYS19902DL2SK12,Sarawak,13.32886,1990,1993
SK431,MYS19902DL2SK12,Sarawak,20.18339,1990,1993
"SK311, SK325, SK324",MYS19872DM3SK-7,Sarawak,14.87141,1987,1994
"SK311, SK325, SK324",MYS19872DM3SK-7,Sarawak,7.39659,1987,1994
"SK311, SK325, SK324",MYS19872DM3SK-7,Sarawak,9.63807,1987,1994
"SK311, SK325, SK324",MYS19872DM3SK-7,Sarawak,9.39608,1987,1994
"SK311, SK325, SK324",MYS19872DM3SK-7,Sarawak,22.37668,1987,1994
"SK405B, SK314A, SK427, SK438, SK411",MYS19892DM1SK-5,Sarawak,21.80071,1989,1989
"SK405B, SK314A, SK427, SK438, SK411",MYS19892DM1SK-5,Sarawak,10.15635,1989,1989
"SK405B, SK314A, SK427, SK438, SK411",MYS19892DM1SK-5,Sarawak,12.16184,1989,1989
"SK405B, SK314A, SK427, SK438, SK411",MYS19892DM1SK-5,Sarawak,15.80399,1989,1989
"SK405B, SK314A, SK427, SK438, SK411",MYS19892DM1SK-5,Sarawak,13.81169,1989,1989
"SK405B, SK314A, SK427, SK438, SK411",MYS19892DM1SK-5,Sarawak,13.32337,1989,1989
"SK405B, SK314A, SK427, SK438, SK411",MYS19892DM1SK-5,Sarawak,10.0642,1989,1989
"SK405B, SK314A, SK427, SK438, SK411",MYS19892DM1SK-5,Sarawak,10.82243,1989,1989
"SK405B, SK314A, SK427, SK438, SK411",MYS19892DM1SK-5,Sarawak,9.31833,1989,1989
"SK405B, SK314A, SK427, SK438, SK411",MYS19892DM1SK-5,Sarawak,29.50398,1989,1989
"SK405B, SK314A, SK427, SK438, SK411",MYS19892DM1SK-5,Sarawak,14.83353,1989,1989
"SK405B, SK314A, SK427, SK438, SK411",MYS19892DM1SK-5,Sarawak,19.31596,1989,1989
"SK405B, SK314A, SK427, SK438, SK411",MYS19892DM1SK-5,Sarawak,18.32258,1989,1989
SK314A,MYS19892DM3SK-5,Sarawak,14.81697,1989,1994
"SK417, SK4E, SK417, SK510, SK316, SK310, SK10",MYS19882DM1SK10,Sarawak,12.42303,1988,1988
"SK417, SK4E, SK417, SK510, SK316, SK310, SK10",MYS19882DM1SK10,Sarawak,10.37537,1988,1988
"SK417, SK4E, SK417, SK510, SK316, SK310, SK10",MYS19882DM1SK10,Sarawak,15.03859,1988,1988
"SK417, SK4E, SK417, SK510, SK316, SK310, SK10",MYS19882DM1SK10,Sarawak,14.31851,1988,1988
"SK417, SK4E, SK417, SK510, SK316, SK310, SK10",MYS19882DM1SK10,Sarawak,20.77123,1988,1988
"SK417, SK4E, SK417, SK510, SK316, SK310, SK10",MYS19882DM1SK10,Sarawak,22.92944,1988,1988
"SK417, SK4E, SK417, SK510, SK316, SK310, SK10",MYS19882DM1SK10,Sarawak,15.33002,1988,1988
"SK417, SK4E, SK417, SK510, SK316, SK310, SK10",MYS19882DM1SK10,Sarawak,12.55856,1988,1988
"SK417, SK4E, SK417, SK510, SK316, SK310, SK10",MYS19882DM1SK10,Sarawak,21.22621,1988,1988
"SK417, SK4E, SK417, SK510, SK316, SK310, SK10",MYS19882DM1SK10,Sarawak,29.82816,1988,1988
"SK417, SK4E, SK417, SK510, SK316, SK310, SK10",MYS19882DM1SK10,Sarawak,80.90232,1988,1988
"SK438, Balingian",MYS19892DM2SK-5,Sarawak,6.50804,1989,1989
"SK438, Balingian",MYS19892DM2SK-5,Sarawak,6.7586,1989,1989
"SK438, Balingian",MYS19892DM2SK-5,Sarawak,6.19708,1989,1989
"SK438, Balingian",MYS19892DM2SK-5,Sarawak,9.80735,1989,1989
"SK438, Balingian",MYS19892DM2SK-5,Sarawak,17.31603,1989,1989
"2E, SK418 & SK320",MYS19962DM2SKE,Sarawak,113.25512,1996,2008
2E & SK418,MYS19972DM2SKE,Sarawak,32.20201,1997,2008
2E & SK418,MYS19972DM2SKE,Sarawak,37.90108,1997,2008
3D & 2E,MYS19972DM2SKE,Sarawak,51.40213,1997,2008
3D & 2E,MYS19972DM2SKE,Sarawak,20.9763,1997,2008
"KUMANG CLUSTER, MLNG",MYS19902DM3SK-8,Sarawak,40.29006,1990,2000
"MLNG, SK320",MYS19892DM1SK-8,Sarawak,43.40799,1989,1989
"MLNG, SK320",MYS19892DM1SK-8,Sarawak,43.41817,1989,1989
"MLNG, SK320",MYS19892DM1SK-8,Sarawak,53.63148,1989,1989
"MLNG, SK320",MYS19892DM1SK-8,Sarawak,32.05324,1989,1989
"MLNG, SK320",MYS19892DM1SK-8,Sarawak,43.55622,1989,1989
"MLNG, SK320",MYS19892DM1SK-8,Sarawak,62.56833,1989,1989
"MLNG, SK320",MYS19892DM1SK-8,Sarawak,42.74427,1989,1989
"MLNG, SK320",MYS19892DM1SK-8,Sarawak,60.61778,1989,1989
"MLNG, SK320",MYS19892DM1SK-8,Sarawak,39.11893,1989,1989
"MLNG, SK320",MYS19892DM1SK-8,Sarawak,56.67543,1989,1989
"MLNG, SK320",MYS19892DM1SK-8,Sarawak,39.1507,1989,1989
"MLNG, SK320",MYS19892DM1SK-8,Sarawak,54.28412,1989,1989
"MLNG, SK320",MYS19892DM1SK-8,Sarawak,17.19266,1989,1989
"MLNG, SK320",MYS19892DM1SK-8,Sarawak,53.4115,1989,1989
"MLNG, SK320",MYS19892DM1SK-8,Sarawak,57.07756,1989,1989
"MLNG, SK320",MYS19892DM1SK-8,Sarawak,19.98781,1989,1989
"MLNG, SK320",MYS19892DM1SK-8,Sarawak,63.33464,1989,1989
SK407,MYS19842DM1SKSIWA,Sarawak,15.39543,1984,1984
SK407,MYS19842DM1SKSIWA,Sarawak,16.39682,1984,1984
SK407,MYS19842DM1SKSIWA,Sarawak,13.19487,1984,1984
SK417 & SK407 ,MYS19842DM1SKBRNA,Sarawak,7.40857,1984,1984
SK417 & SK407 ,MYS19842DM1SKBRNA,Sarawak,8.40083,1984,1984
SK4E,MYS20002DM1SKE,Sarawak,15.54823,2000,2000
SK4E,MYS20002DM1SKE,Sarawak,14.77636,2000,2000
SK4E,MYS20002DM1SKE,Sarawak,13.82164,2000,2000
SK4E,MYS20002DM1SKE,Sarawak,13.67208,2000,2000
SK4E,MYS20002DM1SKE,Sarawak,13.67146,2000,2000
"SK408, MLNG, SK418, OPEN BLOCK",MYS19982DM1SK308,Sarawak,157.20277,1998,1998
SK418,MYS19992DM1SK308,Sarawak,88.59558,1999,1999
"SK418, OPEN BLOCK",MYS19992DM1SK308,Sarawak,61.16837,1999,1999
SK418,MYS19992DM1SK308,Sarawak,88.11148,1999,1999
"SK418, OPEN BLOCK",MYS19992DM1SK308,Sarawak,61.66787,1999,1999
SK418,MYS19992DM1SK308,Sarawak,87.66779,1999,1999
"SK418, OPEN BLOCK",MYS19992DM1SK308,Sarawak,63.76953,1999,1999
"SK418, SK316, OPEN BLOCK",MYS19992DM1SK308,Sarawak,60.34792,1999,1999
SK418,MYS19992DM1SK308,Sarawak,36.16932,1999,1999
SK418,MYS19992DM1SK308,Sarawak,10.74181,1999,1999
MLNG,MYS19992DM1SK308,Sarawak,10.92169,1999,1999
MLNG,MYS19992DM1SK308,Sarawak,11.79624,1999,1999
MLNG,MYS19992DM1SK308,Sarawak,13.16975,1999,1999
MLNG,MYS19992DM1SK308,Sarawak,11.59586,1999,1999
"OPEN BLOCK, MLNG",MYS19992DM1SK308,Sarawak,9.94662,1999,1999
MLNG,MYS19992DM1SK308,Sarawak,13.72051,1999,1999
MLNG,MYS19992DM1SK308,Sarawak,13.44586,1999,1999
SK418,MYS19992DM1SK308,Sarawak,12.71819,1999,1999
OPEN BLOCK,MYS19992DM1SK308,Sarawak,14.89305,1999,1999
"SK316, OPEN BLOCK",MYS19992DM1SK308,Sarawak,34.11165,1999,1999
SK418,MYS19992DM1SK308,Sarawak,29.07916,1999,1999
"SK316, OPEN BLOCK",MYS19992DM1SK308,Sarawak,34.03368,1999,1999
SK418,MYS19992DM1SK308,Sarawak,35.42622,1999,1999
"SK316, OPEN BLOCK",MYS19992DM1SK308,Sarawak,37.18413,1999,1999
SK418,MYS19992DM1SK308,Sarawak,21.75668,1999,1999
SK418,MYS19992DM1SK308,Sarawak,21.15762,1999,1999
"SK316, OPEN BLOCK",MYS19992DM1SK308,Sarawak,43.33125,1999,1999
SK418,MYS19992DM1SK308,Sarawak,13.98945,1999,1999
"SK316, OPEN BLOCK",MYS19992DM1SK308,Sarawak,40.71555,1999,1999
"SK418, SK316, OPEN BLOCK",MYS19992DM1SK308,Sarawak,74.67948,1999,1999
SK418,MYS19992DM1SK308,Sarawak,26.65808,1999,1999
"OPEN BLOCK, MLNG",MYS19992DM1SK308,Sarawak,15.24375,1999,1999
"SK418, OPEN BLOCK",MYS19992DM1SK308,Sarawak,27.33387,1999,1999
SK315,MYS19752DM2SK3,Sarawak,18.10908,1975,1990
SK315,MYS19752DM2SK3,Sarawak,27.27309,1975,1990
SK313,MYS19692DM2SK3,Sarawak,49.23208,1969,1997
SK313,MYS19692DM2SK3,Sarawak,45.93543,1969,1997
MLNG,MYS19752DM2SKWAK,Sarawak,10.40589,1975,1990
SK325 & SK315,MYS19752DM2SKWAK,Sarawak,17.06896,1975,1990
SK325 & SK315,MYS19752DM2SKWAK,Sarawak,15.40941,1975,1990
SK325,MYS19752DM2SKWAK,Sarawak,21.4437,1975,1990
SK313,MYS19942DM1SK-3,Sarawak,16.7017,1994,1994
WL4-00,MYS19942DM1SK-3,Sarawak,18.65399,1994,1994
SK315,MYS19942DM1SK-3,Sarawak,11.65559,1994,1994
SK313,MYS19942DM1SK-3,Sarawak,19.63701,1994,1994
SK313,MYS19942DM1SK-3,Sarawak,20.63886,1994,1994
WL4-00 & SK313,MYS19942DM1SK-3,Sarawak,28.69012,1994,1994
WL4-00 & SK313,MYS19942DM1SK-3,Sarawak,28.56242,1994,1994
WL4-00 & SK313,MYS19942DM1SK-3,Sarawak,33.64131,1994,1994
SK306 &SK315,MYS19942DM1SK-3,Sarawak,51.77787,1994,1994
SK306 &SK315,MYS19942DM1SK-3,Sarawak,40.31958,1994,1994
"SK315, WL4-00 & SK313",MYS19942DM1SK-3,Sarawak,36.69316,1994,1994
SK306 &SK315,MYS19942DM1SK-3,Sarawak,40.57366,1994,1994
SK306,MYS19942DM1SK-3,Sarawak,24.73039,1994,1994
SK407,MYS19872DM1SK15,Sarawak,11.59186,1987,1987
SK407,MYS19872DM1SK15,Sarawak,8.76684,1987,1987
"MLNG DUA, SK320, SK8",MYS19902DM1SKM1M3M4,Sarawak,16.40356,1990,1990
"MLNG DUA, SK320, SK8",MYS19902DM1SKM1M3M4,Sarawak,2.20818,1990,1990
"MLNG DUA, SK320, SK8",MYS19902DM1SKM1M3M4,Sarawak,15.28096,1990,1990
"MLNG DUA, SK320, SK8",MYS19902DM1SKM1M3M4,Sarawak,11.4573,1990,1990
"MLNG DUA, SK320, SK8",MYS19902DM1SKM1M3M4,Sarawak,10.42028,1990,1990
SK302A ,MYS19872DM1SK-1,Sarawak,20.81055,1987,1987
SK302A ,MYS19872DM1SK-1,Sarawak,20.79424,1987,1987
SK302A ,MYS19872DM1SK-1,Sarawak,20.7876,1987,1987
SK302A ,MYS19872DM1SK-1,Sarawak,20.79919,1987,1987
SK302A ,MYS19872DM1SK-1,Sarawak,20.7964,1987,1987
SK302A ,MYS19872DM1SK-1,Sarawak,52.84249,1987,1987
SK302A ,MYS19872DM1SK-1,Sarawak,8.43548,1987,1987
SK302A ,MYS19872DM1SK-1,Sarawak,30.43186,1987,1987
SK302A ,MYS19872DM1SK-1,Sarawak,33.56652,1987,1987
SK302A ,MYS19872DM1SK-1,Sarawak,53.401,1987,1987
SK302A ,MYS19872DM1SK-1,Sarawak,43.68401,1987,1987
SK302A ,MYS19872DM1SK-1,Sarawak,28.08006,1987,1987
SK440,MYS19872DM1SK-1,Sarawak,36.48373,1987,1987
SK302A & SK440,MYS19872DM1SK-1,Sarawak,43.73475,1987,1987
SK301B,MYS19872DM1SK-1,Sarawak,66.09809,1987,1987
SK301B,MYS19872DM1SK-1,Sarawak,43.02443,1987,1987
SK301B & SK440,MYS19872DM1SK-1,Sarawak,69.34617,1987,1987
SK440,MYS19872DM1SK-1,Sarawak,56.25159,1987,1987
SK301B & SK440,MYS19872DM1SK-1,Sarawak,48.64664,1987,1987
SK301B & SK440,MYS19872DM1SK-1,Sarawak,69.35073,1987,1987
SK301B,MYS19872DM1SK-1,Sarawak,24.55485,1987,1987
SK301B & SK440,MYS19872DM1SK-1,Sarawak,54.66185,1987,1987
SK330  ,MYS19872DM1SK-1,Sarawak,42.50039,1987,1987
SK302A ,MYS19872DM1SK-1,Sarawak,47.60349,1987,1987
SK301B,MYS19872DM1SK-1,Sarawak,37.03556,1987,1987
SK440,MYS19872DM1SK-1,Sarawak,19.35865,1987,1987
"2E, 4E & SK418",MYS19972DM1SKE,Sarawak,25.52598,1997,1997
2E & SK418,MYS19972DM1SKE,Sarawak,26.37571,1997,1997
2E & SK418,MYS19972DM1SKE,Sarawak,55.55269,1997,1997
SK325,MYS19932DM2SK-7,Sarawak,8.99221,1993,1994
SK407,MYS19912DM1SK15,Sarawak,10.42701,1991,1991
SK407,MYS19912DM1SK15,Sarawak,13.47681,1991,1991
SK407,MYS19912DM1SK15,Sarawak,14.45161,1991,1991
SK407,MYS19912DM1SK15,Sarawak,10.40681,1991,1991
SK407,MYS19912DM1SK15,Sarawak,9.38215,1991,1991
MLNG DUA & SK8,MYS19802DM2SK-8,Sarawak,10.38568,1980,2005
SK330 & SK301B,MYS19872DM2SK-1,Sarawak,91.27355,1987,1999
SK330,MYS19872DM2SK-1,Sarawak,59.43078,1987,1999
SK330,MYS19872DM2SK-1,Sarawak,43.61018,1987,1999
SK330 & SK301B,MYS19872DM2SK-1,Sarawak,41.4059,1987,1999
SK301B,MYS19872DM2SK-1,Sarawak,41.17174,1987,1999
SK301B,MYS19872DM2SK-1,Sarawak,43.39509,1987,1999
SK301B,MYS19872DM2SK-1,Sarawak,31.3941,1987,1999
"SK330, SK301B, SK313",MYS20092DM1SKREGION,Sarawak,146.87555,2009,2009
5F,MYS20072DM1SKF,Sarawak,28.93133,2007,2007
5F,MYS20072DM1SKF,Sarawak,27.88189,2007,2007
5F,MYS20072DM1SKF,Sarawak,27.45774,2007,2007
5F,MYS20072DM1SKF,Sarawak,26.73049,2007,2007
5F,MYS20072DM1SKF,Sarawak,12.07849,2007,2007
5F,MYS20072DM1SKF,Sarawak,37.86033,2007,2007
5F,MYS20072DM1SKF,Sarawak,32.53603,2007,2007
5F,MYS20072DM1SKF,Sarawak,24.13071,2007,2007
2E,MYS20092DM1SKEN,Sarawak,20.0591,2009,2009
2E,MYS20092DM1SKEN,Sarawak,15.89331,2009,2009
2E,MYS20092DM1SKEN,Sarawak,23.53735,2009,2009
2E,MYS20092DM1SKEN,Sarawak,16.84086,2009,2009
2E,MYS20092DM1SKEN,Sarawak,16.86484,2009,2009
2E,MYS20092DM1SKEN,Sarawak,16.84326,2009,2009
2E,MYS20092DM1SKEN,Sarawak,23.99657,2009,2009
2E,MYS20092DM1SKEN,Sarawak,23.99314,2009,2009
D35 D21 J4 PSC & SK411,MYS19802DM1SKJ4,Sarawak,7.81736,1980,1980
D35 D21 J4 PSC & SK411,MYS19802DM1SKJ4,Sarawak,7.80442,1980,1980
D35 D21 J4 PSC & SK411,MYS19802DM1SKJ4,Sarawak,23.16568,1980,1980
SK325 & SK438,MYS19802DM1SKD6D12,Sarawak,19.2392,1980,1980
SK306 & D35 D21 J4 PSC,MYS19802DM1SKD6D12,Sarawak,10.2286,1980,1980
SK438 & D35 D21 J4 PSC,MYS19802DM1SKD6D12,Sarawak,6.7647,1980,1980
SK405B,MYS19802DM1SKD32J17,Sarawak,6.22955,1980,1980
SK405B,MYS19802DM1SKD32J17,Sarawak,7.1772,1980,1980
SK308,MYS19802DM1SKC2C8E4E6E8,Sarawak,6.40215,1980,1980
SK306,MYS19802DM1SKE22,Sarawak,14.60957,1980,1980
SK306,MYS19802DM1SKE22,Sarawak,13.76797,1980,1980
SK433,MYS19842DL1SK14,Sarawak,5.39798,1984,1984
SK433,MYS19842DL1SK14,Sarawak,9.10915,1984,1984
SK433,MYS19842DL1SK14,Sarawak,9.48826,1984,1984
SK433,MYS19842DL1SK14,Sarawak,6.51333,1984,1984
SK433,MYS19842DL1SK14,Sarawak,3.08625,1984,1984
SK433,MYS19842DL1SK14,Sarawak,3.93806,1984,1984
SK433,MYS19842DL1SK14,Sarawak,15.50308,1984,1984
SK433,MYS19842DL1SK14,Sarawak,7.20057,1984,1984
SK433,MYS19842DL1SK14,Sarawak,7.65784,1984,1984
SK433,MYS19842DL1SK14,Sarawak,3.24714,1984,1984
MLNG,MYS19802DM1SKNLUCONIA,Sarawak,9.75726,1980,1980
MLNG,MYS19802DM1SKNLUCONIA,Sarawak,10.82987,1980,1980
SK320,MYS19802DM1SK-8,Sarawak,12.20595,1980,1980
SK320,MYS19802DM1SKG7,Sarawak,19.63971,1980,1980
SK320,MYS19802DM1SKG7,Sarawak,10.59427,1980,1980
SK411 & SK405B,MYS19802DM1SKJ12J26,Sarawak,6.61095,1980,1980
SK411 & SK405B,MYS19802DM1SKJ12J26,Sarawak,7.19768,1980,1980
SK411 & SK405B,MYS19802DM1SKJ12J26,Sarawak,6.78872,1980,1980
SK306 & SK411,MYS19802DM1SKJ16,Sarawak,7.43221,1980,1980
SK306 & SK411,MYS19802DM1SKJ16,Sarawak,10.21287,1980,1980
SK306 & SK411,MYS19802DM1SKJ16,Sarawak,23.17891,1980,1980
SK411  ,MYS19802DM1SKJ16,Sarawak,8.59145,1980,1980
SK405B,MYS19802DM1SKJ17J12J26,Sarawak,8.62935,1980,1980
BALINGIAN,MYS19842DM2SKWAK,Sarawak,10.20849,1984,1984
SK306,MYS19802DM1SKE23,Sarawak,8.58634,1980,1980
SK315 & SK306,MYS19802DM1SKE23,Sarawak,37.27753,1980,1980
SK315 & SK306,MYS19802DM1SKLUCONIA,Sarawak,86.43859,1980,1980
SK315 & SK306,MYS19802DM1SKLUCONIA,Sarawak,14.53418,1980,1980
SK315 & SK306,MYS19802DM1SKLUCONIA,Sarawak,7.37327,1980,1980
SK315 & SK306,MYS19802DM1SKLUCONIA,Sarawak,7.59839,1980,1980
SK315 & KUMANG CLUSTER,MYS19802DM1SKK11K12,Sarawak,24.1487,1980,1980
SK315 & KUMANG CLUSTER,MYS19802DM1SKK11K12,Sarawak,11.20311,1980,1980
SK315,MYS19802DM1SKK7K8,Sarawak,30.58864,1980,1980
SK315 & SK306,MYS19802DM1SKK7K8,Sarawak,37.24424,1980,1980
SK315 & SK306,MYS19802DM1SKK7K8,Sarawak,16.56434,1980,1980
WL4-00,MYS19802DM1SKL5,Sarawak,19.56112,1980,1980
WL4-00,MYS19802DM1SKL5,Sarawak,13.99992,1980,1980
WL4-00,MYS19802DM1SKL5,Sarawak,13.55948,1980,1980
WL4-00 & KUMANG CLUSTER,MYS19802DM1SKL5,Sarawak,13.68058,1980,1980
WL4-00,MYS19802DM1SKL5,Sarawak,18.20731,1980,1980
WL4-00,MYS19802DM1SKL5,Sarawak,39.62601,1980,1980
SK407,MYS19802DM1SKL5,Sarawak,6.00252,1980,1980
SK315,MYS19982DM2SKBENTARA,Sarawak,42.2685,1998,2009
"SK315, SK306",MYS20092DM1SKBENTARA,Sarawak,53.78068,2009,2009
4E & SK417,MYS19962DM1SKE,Sarawak,58.97083,1996,1996
4E & SK316,MYS19962DM1SKE,Sarawak,51.73608,1996,1996
4E & SK316,MYS19962DM1SKE,Sarawak,56.50362,1996,1996
4E & SK417,MYS19962DM1SKE,Sarawak,46.45244,1996,1996
4E & SK417,MYS19962DM1SKE,Sarawak,44.25215,1996,1996
4E & SK417,MYS19962DM1SKE,Sarawak,53.10357,1996,1996
4E & SK417,MYS19962DM1SKE,Sarawak,56.33004,1996,1996
4E & SK417,MYS19962DM1SKE,Sarawak,58.72821,1996,1996
"MLNG, SK8",MYS20022DM1SK308,Sarawak,10.04728,2002,2002
"MLNG, SK8",MYS20022DM1SK308,Sarawak,9.97314,2002,2002
"MLNG, SK8",MYS20022DM1SK308,Sarawak,9.84677,2002,2002
"MLNG, SK8",MYS20022DM1SK308,Sarawak,9.72048,2002,2002
SK407,MYS19792DM1SKJ4G4BARM,Sarawak,10.56791,1979,1979
SK407,MYS19792DM1SKJ4G4BARM,Sarawak,8.59468,1979,1979
SK315 & SK306 & SK411,MYS19792DM1SKJ4G4BARM,Sarawak,102.62132,1979,1979
SK320,MYS19792DM1SKJ4G4BARM,Sarawak,16.2963,1979,1979
KUMANG CLUSTER & SK423,MYS19802DM2SKF13,Sarawak,38.02649,1980,1980
MLNG,MYS19802DM2SKF13,Sarawak,29.23385,1980,1980
SK316 & SK423  ,MYS19802DM2SKF13,Sarawak,49.45721,1980,1980
SK423,MYS19802DM2SKF13,Sarawak,13.60529,1980,1980
SK407,MYS19792DM1SKBRNABARM,Sarawak,11.39627,1979,1979
SK417 & 2011 BARAM DELTA EOR & SK407,MYS19792DM1SKBRNABARM,Sarawak,17.00472,1979,1979
SK417 & 2011 BARAM DELTA EOR  ,MYS19792DM1SKBRNABARM,Sarawak,9.58904,1979,1979
SK417 & SK307   ,MYS19792DM1SKBRNABARM,Sarawak,25.95085,1979,1979
SK417 & SK407,MYS19792DM1SKBRNABARM,Sarawak,25.42212,1979,1979
MLNG & SK306,MYS19792DM1SKLUCONIA,Sarawak,9.4025,1979,1979
SK315,MYS19792DM1SKLUCONIA,Sarawak,11.23742,1979,1979
SK8 & MLNG DUA,MYS19792DM1SKLUCONIA,Sarawak,10.23523,1979,1979
SK303A & SK304,MYS19952DM2SK303,Sarawak,118.33855,1995,1995
SK439 & SK303A,MYS19952DM2SK303,Sarawak,78.44953,1995,1995
SK304 & SK328,MYS19952DM2SK303,Sarawak,33.03535,1995,1995
SK439,MYS19952DM2SK303,Sarawak,48.74326,1995,1995
SK304 & SK328,MYS19952DM2SK303,Sarawak,55.07999,1995,1995
SK304,MYS19952DM2SK303,Sarawak,93.02287,1995,1995
SK439 & SK411,MYS19952DM2SK303,Sarawak,88.61051,1995,1995
SK439 & SK303A,MYS19952DM2SK303,Sarawak,93.93542,1995,1995
SK320 & MLNG ,MYS19792DM1SKBRNALUCONIA,Sarawak,17.19236,1979,1979
MLNG,MYS19792DM1SKBRNALUCONIA,Sarawak,8.59907,1979,1979
SK438,MYS19792DM1SKD26LUCONIA,Sarawak,13.62138,1979,1979
SK428,MYS19792DM1SKD26LUCONIA,Sarawak,2.59727,1979,1979
MLNG DUA,MYS19792DM1SKD26LUCONIA,Sarawak,8.823,1979,1979
SK438 & SK325,MYS19792DM1SKD26LUCONIA,Sarawak,16.04557,1979,1979
BALINGIAN,MYS19792DM1SKSIWABYNN,Sarawak,14.76677,1979,1979
SK407,MYS19792DM1SKSIWABYNN,Sarawak,16.43779,1979,1979
SK407,MYS19792DM1SKSIWABYNN,Sarawak,16.58443,1979,1979
SK325,MYS19812DM1SKD30,Sarawak,20.35869,1981,1981
SK411,MYS19812DM1SKWAK,Sarawak,3.12388,1981,1981
BALINGIAN,MYS19812DM1SKWAK,Sarawak,7.01373,1981,1981
MLNG,MYS19822DM1SKF6,Sarawak,9.57394,1982,1982
MLNG,MYS19822DM1SKF6,Sarawak,10.10191,1982,1982
MLNG,MYS19822DM1SKF6,Sarawak,10.6229,1982,1982
MLNG,MYS19822DM1SKF6,Sarawak,11.07479,1982,1982
MLNG,MYS19822DM1SKF6,Sarawak,11.63358,1982,1982
SK407,MYS19782DM1SKSIWA,Sarawak,15.10269,1978,1978
SK407,MYS19782DM1SKSIWA,Sarawak,11.70694,1978,1978
SK407,MYS19782DM1SKSIWA,Sarawak,13.93168,1978,1978
SK411,MYS19782DM1SKSWLUCONIA,Sarawak,36.3774,1978,1978
SK306 & SK411,MYS19782DM1SKSWLUCONIA,Sarawak,21.37399,1978,1978
MLNG DUA & D35 D21 J4 PSC & SK405B,MYS19782DM1SKSWLUCONIA,Sarawak,32.33563,1978,1978
"SK5F, SK4F",MYS19892DM2SKF,Sarawak,45.99663,1989,2000
"SK5F, SK4F",MYS19892DM2SKF,Sarawak,21.7633,1989,2000
"SK5F, SK4F",MYS19892DM2SKF,Sarawak,68.8302,1989,2000
"SK5F, SK4F",MYS19892DM2SKF,Sarawak,43.81321,1989,2000
"SK5F, SK4F",MYS19892DM2SKF,Sarawak,104.32052,1989,2000
2011 BARAM DELTA EOR,MYS19862DM1SKBOKOR,Sarawak,11.80831,1986,1986
SK407,MYS19782DM1SKSIWABARM,Sarawak,8.88859,1978,1978
SK410B & SK510,MYS19772DM2SKLAILA,Sarawak,13.60195,1977,1995
SK410B & SK407,MYS19772DM2SKLAILA,Sarawak,13.00725,1977,1995
SK510,MYS19772DM2SKLAILA,Sarawak,14.2162,1977,1995
SK510,MYS19772DM2SKLAILA,Sarawak,13.78293,1977,1995
SK325,MYS19872DM1SK-7,Sarawak,19.12227,1987,1987
SK324 & SK309,MYS19872DM1SK-7,Sarawak,23.6157,1987,1987
SK314A,MYS19872DM1SK-7,Sarawak,20.41671,1987,1987
SK324 & SK314A & SK311,MYS19872DM1SK-7,Sarawak,33.09491,1987,1987
SK314A & SK311,MYS19872DM1SK-7,Sarawak,17.29964,1987,1987
SK309 & SK314A,MYS19872DM1SK-7,Sarawak,41.12422,1987,1987
SK311 & SK324 & SK309,MYS19872DM1SK-7,Sarawak,19.27265,1987,1987
SK314A,MYS19872DM1SK-7,Sarawak,12.82792,1987,1987
SK309 & SK314A,MYS19872DM1SK-7,Sarawak,14.33072,1987,1987
SK309 & SK314A,MYS19872DM1SK-7,Sarawak,35.8682,1987,1987
SK324 & SK311 & SK309,MYS19872DM1SK-7,Sarawak,40.86083,1987,1987
"SK325, SK324, SK309",MYS19882DM1SK-7,Sarawak,23.02869,1988,1988
"SK325, SK324, SK309",MYS19882DM1SK-7,Sarawak,21.17336,1988,1988
"SK325, SK324, SK309",MYS19882DM1SK-7,Sarawak,26.6197,1988,1988
"SK325, SK324, SK309",MYS19882DM1SK-7,Sarawak,14.14526,1988,1988
"SK325, SK324, SK309",MYS19882DM1SK-7,Sarawak,26.73662,1988,1988
SK407,MYS19802DM2SKBKUBARM,Sarawak,7.99823,1980,1995
SK306/SK315,MYS20092DM2SKBENTARA,Sarawak,53.12236,2009,2010
SK306/SK315,MYS20092DM2SKBENTARA,Sarawak,79.04861,2009,2010
SK306/SK315,MYS20092DM2SKBENTARA,Sarawak,43.97666,2009,2010
SK306/SK315,MYS20092DM2SKBENTARA,Sarawak,53.36879,2009,2010
SK315 & WL4-00,MYS19702DM1SK3,Sarawak,82.77069,1970,1970
SK325,MYS19932DM3SK-7,Sarawak,14.62988,1993,1993
SK325,MYS19932DM3SK-7,Sarawak,13.56721,1993,1993
SK320,MYS19962DM2SK320,Sarawak,54.60299,1996,2011
"3B, SK320 & MLNG Dua",MYS19962DM2SK320,Sarawak,54.91398,1996,2011
MLNG Dua & SK320,MYS19962DM2SK320,Sarawak,53.77412,1996,2011
SK320,MYS19962DM2SK320,Sarawak,33.99615,1996,2011
MLNG Dua & SK320,MYS19962DM2SK320,Sarawak,59.95903,1996,2011
"MLNG Dua, SK320 & SK313",MYS19962DM2SK320,Sarawak,59.95606,1996,2011
MLNG Dua & SK320,MYS19962DM2SK320,Sarawak,40.46427,1996,2011
"3B, SK320 & MLNG Dua",MYS19962DM2SK320,Sarawak,66.64053,1996,2011
MLNG Dua & SK320,MYS19962DM2SK320,Sarawak,63.61796,1996,2011
SK407,MYS19862DM3SK307,Sarawak,4.71418,1986,1992
SK417,MYS19802DM1SK10,Sarawak,13.68598,1980,1980
SK417,MYS19802DM1SK10,Sarawak,13.39029,1980,1980
SK417,MYS19802DM1SK10,Sarawak,12.80535,1980,1980
SK407,MYS19802DM1SKBOKRBRNABARMP,Sarawak,6.4121,1980,1980
SK510,MYS19942DM4SK10,Sarawak,34.16991,1994,1994
SK410B & SK10,MYS19942DM4SK10,Sarawak,25.45363,1994,1994
SK410B & SK10,MYS19942DM4SK10,Sarawak,17.06562,1994,1994
SK510 & SK417,MYS19942DM4SK10,Sarawak,12.71602,1994,1994
SK510,MYS19942DM4SK10,Sarawak,14.39897,1994,1994
SK510 & SK417,MYS19942DM4SK10,Sarawak,25.53436,1994,1994
SK410B & SK510,MYS19942DM4SK10,Sarawak,12.20203,1994,1994
SK410B & SK10,MYS19942DM4SK10,Sarawak,8.22534,1994,1994
SK510,MYS19942DM4SK10,Sarawak,18.6524,1994,1994
SK510,MYS19942DM4SK10,Sarawak,15.75144,1994,1994
SK411,MYS19772DM1SKJ5,Sarawak,15.22089,1977,1977
SK411,MYS19782DM1SKJ5,Sarawak,11.35647,1978,1978
SK306 & SK411,MYS19772DM1SKLUCONIA,Sarawak,12.17397,1977,1977
SK315 & MLNG,MYS19772DM1SKLUCONIA,Sarawak,9.78988,1977,1977
MLNG DUA,MYS19772DM1SKLUCONIA,Sarawak,17.41631,1977,1977
SK418 & SK320,MYS19772DM1SKLUCONIA,Sarawak,11.43034,1977,1977
MLNG,MYS19772DM1SKLUCONIA,Sarawak,14.18512,1977,1977
SK411,MYS19832DM1SKJ4,Sarawak,5.99592,1983,1983
SK306,MYS19982DM1SK-5,Sarawak,22.57457,1998,1998
SK306,MYS19982DM1SK-5,Sarawak,21.58889,1998,1998
SK306,MYS19982DM1SK-5,Sarawak,22.43767,1998,1998
SK306,MYS19982DM1SK-5,Sarawak,33.32132,1998,1998
SK324 & SK309 & SK314A,MYS19732DM1SKREGION,Sarawak,14.40052,1973,1973
SK325 & SK314A,MYS19732DM1SKREGION,Sarawak,27.82974,1973,1973
SK315 & SK325 & SK324 & SK309,MYS19732DM1SKREGION,Sarawak,54.71096,1973,1973
SK438 & SK405B,MYS19742DM1SK314,Sarawak,41.18924,1974,1974
SK324,MYS19742DM1SK314,Sarawak,6.99859,1974,1974
SK325 & SK315,MYS19742DM1SK314,Sarawak,14.94494,1974,1974
BALINGIAN & SK314A,MYS19742DM1SK314,Sarawak,22.03457,1974,1974
BALINGIAN & SK314A & SK427,MYS19742DM1SK314,Sarawak,15.82039,1974,1974
SK427,MYS19742DM1SK314,Sarawak,7.01526,1974,1974
SK325 & BALINGIAN & OPEN BLOCK & SK314A,MYS19742DM1SK314,Sarawak,66.48176,1974,1974
SK325 & D35 D21 J4 PSC & SK405B & SK411,MYS19742DM1SK314,Sarawak,95.9629,1974,1974
SK438 & SK405B,MYS19742DM1SK314,Sarawak,27.01507,1974,1974
SK325 & SK311 & SK314A,MYS19742DM1SKD8ACIS,Sarawak,10.93268,1974,1974
SK309 & SK314A & SK324,MYS19742DM1SKD8ACIS,Sarawak,11.30141,1974,1974
SK324 & BALINGIAN,MYS19742DM1SKD8ACIS,Sarawak,33.84559,1974,1974
SK309 & SK324,MYS19742DM1SKD8ACIS,Sarawak,15.52823,1974,1974
SK314A & SK324,MYS19742DM1SKD8ACIS,Sarawak,10.86851,1974,1974
SK314A & SK309,MYS19742DM1SKD8ACIS,Sarawak,6.7343,1974,1974
SK314A & BALINGIAN,MYS19742DM1SKD8ACIS,Sarawak,15.19023,1974,1974
BALINGIAN,MYS19762DM1SK314,Sarawak,10.69734,1976,1976
SK324 & SK427,MYS19762DM1SK314,Sarawak,11.15911,1976,1976
SK309 & SK314A,MYS19762DM1SK314,Sarawak,29.41279,1976,1976
SK309 & SK314A,MYS19762DM1SK314,Sarawak,25.59765,1976,1976
SK309 & SK314A,MYS19762DM1SK314,Sarawak,11.00178,1976,1976
MLNG & SK315 & SK325,MYS19752DM1SK314,Sarawak,42.6441,1975,1975
SK325 & SK311,MYS19752DM1SK314,Sarawak,11.58963,1975,1975
SK315 & SK325 & SK314A,MYS19752DM1SK314,Sarawak,36.80878,1975,1975
SK325 & SK311 & SK315,MYS19752DM1SK314,Sarawak,30.04005,1975,1975
SK324 & SK325 & SK315,MYS19752DM1SK314,Sarawak,23.79004,1975,1975
SK325 & SK438,MYS19752DM1SK314,Sarawak,35.18107,1975,1975
SK309,MYS19732DM2SKPATRICIA,Sarawak,13.63358,1973,1995
SK309,MYS19732DM2SKPATRICIA,Sarawak,22.58361,1973,1995
"SK438, SK314A, SK427, SK324, SK309",MYS19902DM1SK314,Sarawak,13.42821,1990,1990
"SK438, SK314A, SK427, SK324, SK309",MYS19902DM1SK314,Sarawak,24.52982,1990,1990
"SK438, SK314A, SK427, SK324, SK309",MYS19902DM1SK314,Sarawak,10.21137,1990,1990
"SK438, SK314A, SK427, SK324, SK309",MYS19902DM1SK314,Sarawak,11.39969,1990,1990
"SK438, SK314A, SK427, SK324, SK309",MYS19902DM1SK314,Sarawak,12.38101,1990,1990
"SK438, SK314A, SK427, SK324, SK309",MYS19902DM1SK314,Sarawak,13.19529,1990,1990
"SK438, SK314A, SK427, SK324, SK309",MYS19902DM1SK314,Sarawak,12.32314,1990,1990
"SK438, SK314A, SK427, SK324, SK309",MYS19902DM1SK314,Sarawak,18.09781,1990,1990
"SK438, SK314A, SK427, SK324, SK309",MYS19902DM1SK314,Sarawak,18.31336,1990,1990
"SK438, SK314A, SK427, SK324, SK309",MYS19902DM1SK314,Sarawak,17.69745,1990,1990
"SK438, SK314A, SK427, SK324, SK309",MYS19902DM1SK314,Sarawak,15.71733,1990,1990
"SK438, SK314A, SK427, SK324, SK309",MYS19902DM1SK314,Sarawak,16.47254,1990,1990
"SK438, SK314A, SK427, SK324, SK309",MYS19902DM1SK314,Sarawak,14.23234,1990,1990
BALINGIAN,MYS19772DM1SKTMN,Sarawak,8.70186,1977,1977
BALINGIAN,MYS19772DM1SKTMN,Sarawak,8.70972,1977,1977
BALINGIAN,MYS19772DM1SKTMN,Sarawak,8.70427,1977,1977
SK314A & SK309,MYS19722DM1SK314,Sarawak,22.84216,1972,1972
BALINGIAN,MYS19822DM1SKWAK,Sarawak,10.40361,1982,1982
OPEN BLOCK,MYS19822DM1SKWAK,Sarawak,9.83721,1982,1982
MLNG,MYS19822DM1SKWAK,Sarawak,9.31282,1982,1982
MLNG,MYS19822DM1SKWAK,Sarawak,9.90667,1982,1982
MLNG,MYS19822DM1SKWAK,Sarawak,10.6095,1982,1982
MLNG,MYS19822DM1SKWAK,Sarawak,11.22795,1982,1982
MLNG,MYS19822DM1SKWAK,Sarawak,7.9849,1982,1982
MLNG,MYS19822DM1SKWAK,Sarawak,24.87077,1982,1982
MLNG,MYS19822DM1SKWAK,Sarawak,8.5197,1982,1982
MLNG,MYS19822DM1SKWAK,Sarawak,7.8121,1982,1982
MLNG DUA,MYS19822DM1SKWAK,Sarawak,10.49195,1982,1982
MLNG DUA,MYS19822DM1SKWAK,Sarawak,12.42197,1982,1982
MLNG DUA & D35 D21 J4 PSC,MYS19822DM1SKWAK,Sarawak,19.00716,1982,1982
BALINGIAN & SK314A,MYS19772DM1SKBYN,Sarawak,10.63437,1977,1977
SK438 & SK314A,MYS19762DM2SKBYN,Sarawak,19.20812,1976,1976
SK438 & SK314A,MYS19762DM2SKBYN,Sarawak,16.37734,1976,1976
SK438 & SK314A,MYS19762DM2SKBYN,Sarawak,16.20425,1976,1976
SK314A,MYS19782DM2SKBYN,Sarawak,11.32727,1978,1978
SK438 & SK314A,MYS19782DM2SKBYN,Sarawak,19.02845,1978,1978
SK325 & BALINGIAN,MYS19802DM1SKD15D18,Sarawak,7.58512,1980,1980
BALINGIAN,MYS19832DM1SKBYN,Sarawak,11.51554,1983,1983
BALINGIAN,MYS19832DM1SKBYN,Sarawak,19.19713,1983,1983
BALINGIAN,MYS19832DM1SKBYN,Sarawak,18.4282,1983,1983
BALINGIAN,MYS19832DM1SKBYN,Sarawak,10.98907,1983,1983
BALINGIAN,MYS19832DM1SKBYN,Sarawak,8.15515,1983,1983
SK510,MYS19892DM1SK10,Sarawak,8.8637,1989,1989
"SK410B, SK510",MYS19892DM1SK10,Sarawak,16.40327,1989,1989
SK417,MYS19892DM1SK10,Sarawak,21.14568,1989,1989
SK417,MYS19892DM1SK10,Sarawak,14.14038,1989,1989
MLNG DUA & SK306 & D35 D21 J4 PSC,MYS19782DM1SKD12,Sarawak,17.90009,1978,1978
SK306 & MLNG DUA & SK438,MYS19782DM1SKD12,Sarawak,11.93248,1978,1978
MLNG DUA & SK417 & SK407,MYS19762DM2SK15_LAILA,Sarawak,15.12655,1976,1991
SK417 & MLNG DUA,MYS19762DM2SK15_LAILA,Sarawak,31.02862,1976,1991
"SK417, SK407 & SK510",MYS19762DM2SK15_LAILA,Sarawak,18.00612,1976,1991
SK407 & MLNG DUA,MYS19762DM2SK15_LAILA,Sarawak,21.83432,1976,1991
SK510,MYS19752DM2SK10,Sarawak,9.1505,1975,1995
SK316,MYS19752DM2SK10,Sarawak,16.19057,1975,1995
SK316,MYS19752DM2SK10,Sarawak,15.26267,1975,1995
SK417  ,MYS19752DM2SK10,Sarawak,17.55414,1975,1995
SK417 & SK316,MYS19752DM2SK10,Sarawak,20.88621,1975,1995
SK10,MYS19772DM1SKLAILA,Sarawak,11.20938,1977,1977
SK510,MYS19772DM1SKLAILA,Sarawak,16.80749,1977,1977
SK10,MYS19772DM1SKLAILA,Sarawak,20.99126,1977,1977
SK417 & SK316,MYS19762DM2SK10,Sarawak,7.57597,1976,1995
SK417 & 2011 BARAM DELTA EOR & SK407,MYS19762DM2SK10,Sarawak,17.59679,1976,1995
SK417,MYS19762DM2SK10,Sarawak,29.37979,1976,1995
SK417,MYS19762DM2SK10,Sarawak,16.30501,1976,1995
4E & SK417,MYS19762DM2SK10,Sarawak,19.1692,1976,1995
SK510,MYS19762DM2SK10,Sarawak,22.58661,1976,1995
SK417 & SK510,MYS19772DM2SKBERYL_HELANG_LAYANG,Sarawak,18.4397,1977,1993
SK10,MYS19772DM2SKBERYL_HELANG_LAYANG,Sarawak,12.08808,1977,1993
SK417 & SK10,MYS19772DM2SKBERYL_HELANG_LAYANG,Sarawak,59.33272,1977,1993
SK417 & SK407,MYS19792DM2SK10,Sarawak,16.60928,1979,1995
SK510,MYS19792DM2SK10,Sarawak,15.40036,1979,1995
SK407,MYS19762DM3SK10,Sarawak,13.18002,1976,1998
SK314A & SK324,MYS19722DM2SK5,Sarawak,21.40799,1970,1972
SK324 & BALINGIAN,MYS19722DM2SK5,Sarawak,21.63014,1970,1972
SK427,MYS19742DM2SKWAK,Sarawak,29.24716,1974,1989
SK427,MYS19742DM2SKWAK,Sarawak,4.20239,1974,1989
SK427,MYS19742DM2SKWAK,Sarawak,3.21321,1974,1989
SK427,MYS19742DM2SKWAK,Sarawak,6.80131,1974,1989
"SK320 , SK318",MYS20002DM2SK312,Sarawak,32.828,2000,2002
"SK320 , SK318",MYS20002DM2SK312,Sarawak,25.01891,2000,2002
"SK320 , SK318",MYS20002DM2SK312,Sarawak,46.9284,2000,2002
"SK320 , SK318",MYS20002DM2SK312,Sarawak,21.15166,2000,2002
SK314A & SK427,MYS19832DM2SKWAK,Sarawak,6.41404,1983,1989
SK314A & SK427,MYS19832DM2SKWAK,Sarawak,13.84561,1983,1989
SK314A & SK427,MYS19832DM2SKWAK,Sarawak,18.42928,1983,1989
SK314A & SK427,MYS19832DM2SKWAK,Sarawak,13.39772,1983,1989
SK324 & SK427,MYS19832DM2SKWAK,Sarawak,13.37279,1983,1989
SK427,MYS19832DM2SKWAK,Sarawak,7.76266,1983,1989
SK427,MYS19832DM2SKWAK,Sarawak,7.40498,1983,1989
SK427,MYS19832DM2SKWAK,Sarawak,7.41765,1983,1989
SK314A & SK427,MYS19832DM2SKWAK,Sarawak,12.60027,1983,1989
SK433,MYS20112DM2SK333,Sarawak,4.75305,2011,2011
SK433,MYS20112DM2SK333,Sarawak,6.53521,2011,2011
"SK437, SK405B, SK427, SK303A, SK438",MYS20082DM1SK305,Sarawak,40.27056,2008,2008
"SK437, SK405B, SK427, SK303A, SK438",MYS20082DM1SK305,Sarawak,19.46541,2008,2008
"SK437, SK405B, SK427, SK303A, SK438",MYS20082DM1SK305,Sarawak,21.00308,2008,2008
"SK437, SK405B, SK427, SK303A, SK438",MYS20082DM1SK305,Sarawak,14.33141,2008,2008
"SK437, SK405B, SK427, SK303A, SK438",MYS20082DM1SK305,Sarawak,23.34508,2008,2008
"SK437, SK405B, SK427, SK303A, SK438",MYS20082DM1SK305,Sarawak,23.98432,2008,2008
"SK437, SK405B, SK427, SK303A, SK438",MYS20082DM1SK305,Sarawak,35.9074,2008,2008
"SK437, SK405B, SK427, SK303A, SK438",MYS20082DM1SK305,Sarawak,26.88615,2008,2008
"SK437, SK405B, SK427, SK303A, SK438",MYS20082DM1SK305,Sarawak,38.63421,2008,2008
"SK437, SK405B, SK427, SK303A, SK438",MYS20082DM1SK305,Sarawak,18.20562,2008,2008
"SK437, SK405B, SK427, SK303A, SK438",MYS20082DM1SK305,Sarawak,51.22089,2008,2008
"SK437, SK405B, SK427, SK303A, SK438",MYS20082DM1SK305,Sarawak,21.23651,2008,2008
"SK437, SK405B, SK427, SK303A, SK438",MYS20082DM1SK305,Sarawak,20.99988,2008,2008
"SK437, SK405B, SK427, SK303A, SK438",MYS20082DM1SK305,Sarawak,25.57703,2008,2008
"SK437, SK405B, SK427, SK303A, SK438",MYS20082DM1SK305,Sarawak,21.58395,2008,2008
"SK437, SK405B, SK427, SK303A, SK438",MYS20082DM1SK305,Sarawak,18.50579,2008,2008
SK423 & SK316,MYS19932DM1SK7,Sarawak,36.67953,1993,1993
MLNG,MYS19932DM1SK7,Sarawak,16.30313,1993,1993
MLNG & SK423,MYS19932DM1SK7,Sarawak,40.10084,1993,1993
MLNG,MYS19932DM1SK7,Sarawak,20.18753,1993,1993
"MLNG, SK423 & SK316",MYS19932DM1SK7,Sarawak,50.51336,1993,1993
SK423 & SK316,MYS19932DM1SK7,Sarawak,51.57097,1993,1993
MLNG & SK423,MYS19932DM1SK7,Sarawak,44.174,1993,1993
MLNG & SK423,MYS19932DM1SK7,Sarawak,30.20786,1993,1993
"SK325, SK510",MYS19932DM1SK7,Sarawak,45.53168,1993,1993
MLNG & SK423,MYS19932DM1SK7,Sarawak,25.64302,1993,1993
"SK325, SK510, SK324",MYS19932DM1SK7,Sarawak,43.5115,1993,1993
MLNG & SK423,MYS19932DM1SK7,Sarawak,16.77666,1993,1993
SK431,MYS19752DM2SKBWN,Sarawak,21.9071,1975,1986
SK431,MYS19752DM2SKBWN,Sarawak,12.36531,1975,1986
SK431,MYS19752DM2SKBWN,Sarawak,14.26767,1975,1986
"SK324, SK309, SK311",MYS19872DM2SK-7,Sarawak,23.27242,1987,2004
"SK324, SK309, SK311",MYS19872DM2SK-7,Sarawak,11.44893,1987,2004
"SK324, SK309, SK311",MYS19872DM2SK-7,Sarawak,11.85422,1987,2004
SK433,MYS20092DM1SK333,Sarawak,22.42614,2009,2009
SK433,MYS20092DM1SK333,Sarawak,18.89249,2009,2009
SK417 & SK407,MYS19702DM2SK15,Sarawak,15.40312,1970,1990
SK407,MYS19702DM2SK15,Sarawak,26.03133,1970,1990
SK407,MYS19702DM2SK15,Sarawak,24.8237,1970,1990
SK433,MYS20102DM1SK333,Sarawak,5.62227,2010,2010
SK433,MYS20102DM1SK333,Sarawak,7.60018,2010,2010
MLNG,MYS19802DM1SKE4,Sarawak,13.18317,1980,1980
MLNG,MYS19802DM1SKE4,Sarawak,13.18018,1980,1980
SK324,MYS19752DM1SKA1URSULA,Sarawak,10.39051,1975,1975
SK315,MYS19852DM4SK3,Sarawak,9.62772,1985,1985
